{
  "feature_order": [
    "f1",
    "f2"
  ],
  "means": {
    "f1": 0.18333333333333335,
    "f2": 0.18333333333333332
  },
  "stds": {
    "f1": 0.5550275268448904,
    "f2": 0.7819136070493267
  }
}